A030350,드래곤플라이,daq
A065770,CS,daq
A264900,크라운제과,pi
A003490,대한항공,pi
A005930,삼성전자,pi
A005380,현대차,pi
A307950,현대오토에버,pi
A000720,현대건설,pi
A180640,한진칼,pi
A269620,시스웍,daq
A041020,인프라웨어,daq
A054410,케이피티유,daq
A002870,신풍제지,pi
A006740,영풍제지,pi
A006220,제주은행,pi
A011280,태림포장,pi
A024840,KBI메탈,daq
A113810,디젠스,daq
A017510,세명전기,daq
A035610,솔본,daq
A067920,이글루시큐리티,daq
A094280,효성ITX,pi
A058850,KTcs,pi
A060300,레드로버,daq
A084680,이월드,pi
A142210,유니트론텍,daq
A002320,한진,pi
A003800,에이스침대,daq
A005940,NH투자증권,pi
A009460,한창제지,pi
A237690,에스티팜,daq
A246720,아스타,daq